{"train_loss": [0.6967166639113611, 0.6792172114978465, 0.6730878556421561, 0.6623157193494398, 0.6529718295548314, 0.636588033779647, 0.6242567455583765, 0.6026763925256655, 0.5949266730814942, 0.5836411996405254, 0.5777175368726716, 0.5716919448486594, 0.5635316665320433, 0.5574767314648443, 0.5545124797395957, 0.5506961382636728, 0.5467913589736287, 0.5387766340444254, 0.5366385315739831, 0.5354030929332556, 0.5344404134639474, 0.5273173518421114, 0.5242864452591238, 0.5200356614682101, 0.5182401302248932, 0.5143570357052855, 0.5083270324755085, 0.5042714700680371, 0.5027708099331967, 0.4995498671088108, 0.5008264535157255, 0.49496526796688406, 0.4873882809350657, 0.4871529299159383, 0.48240740655004516, 0.48008353118748626, 0.47810276326283, 0.4687746079393135, 0.46314265607863436, 0.4591800923957381, 0.4539211034312729, 0.448351430800534, 0.44770243971846824, 0.4284374600695085, 0.43215754581976307, 0.4244115522434545, 0.423882372388544, 0.41700954250125, 0.39138384174930957, 0.38995335129804387], "val_acc": [0.591220238095238, 0.5902281746031746, 0.5860615079365079, 0.5985119047619047, 0.6298611111111111, 0.6517857142857142, 0.6684523809523809, 0.6861607142857142, 0.7038690476190476, 0.7007440476190475, 0.7174107142857142, 0.7215277777777778, 0.7256944444444444, 0.7309523809523809, 0.7288690476190476, 0.7319940476190475, 0.7288690476190476, 0.7403273809523809, 0.7372023809523809, 0.7392361111111111, 0.7360615079365079, 0.7413194444444444, 0.7319444444444444, 0.734077380952381, 0.7413194444444444, 0.7435019841269842, 0.7413690476190475, 0.7330853174603175, 0.7424107142857143, 0.7382440476190476, 0.7330357142857142, 0.7486607142857142, 0.7434523809523809, 0.7445436507936508, 0.7361607142857143, 0.7454861111111111, 0.7507440476190476, 0.7371031746031745, 0.7414186507936509, 0.7507440476190476, 0.7580357142857143, 0.7539186507936508, 0.763343253968254, 0.7331349206349207, 0.757093253968254, 0.7455853174603175, 0.7518353174603175, 0.7435515873015873, 0.7413194444444444, 0.7444444444444444]}