{"train_loss": [0.69701813958412, 0.6815320724664733, 0.6779188462930132, 0.676622841709344, 0.6766828441804693, 0.6629231877105181, 0.640519029872362, 0.6147965273653814, 0.5924793433311374, 0.5747111333433048, 0.5453659580197445, 0.5137732987718064, 0.47721276865449064, 0.4476284236870995, 0.3958180562932362, 0.3614883988864662, 0.3221321424772573, 0.29106766718995664, 0.2642729382875354, 0.23205260389535, 0.20382159879041273, 0.180608624664619, 0.16768910060095232, 0.15209102766342866, 0.14910125673221525, 0.13141961431838284, 0.11415693706782289, 0.11388605703101602, 0.10528677189361679, 0.09629012495568094, 0.10225229667023171, 0.10158992595537457, 0.09932587906544985, 0.07707356620406688, 0.07895856259693933, 0.0664832136059512, 0.06252314306997744, 0.06337519654960827, 0.051074326009482376, 0.05690496133698165, 0.05274213322568252, 0.053647459578491, 0.04368031507379613, 0.04051147300259087, 0.0364149278508095, 0.04263176736169199, 0.03939154622949977, 0.03462872886308288, 0.03501454593122814, 0.02714172374166534], "val_acc": [0.5661210317460318, 0.5693452380952381, 0.5714285714285714, 0.5745535714285714, 0.5672619047619047, 0.6058035714285714, 0.6226190476190475, 0.6393849206349207, 0.6569940476190476, 0.6591269841269842, 0.6517857142857142, 0.7028769841269842, 0.7206845238095239, 0.7216269841269842, 0.7612599206349207, 0.7695436507936508, 0.8030257936507936, 0.791468253968254, 0.8186011904761905, 0.8415674603174603, 0.8541170634920635, 0.8780753968253968, 0.8791170634920635, 0.8916170634920635, 0.8728670634920636, 0.9145833333333333, 0.9093253968253968, 0.9218253968253969, 0.9260416666666667, 0.9312003968253968, 0.9333333333333333, 0.9093253968253968, 0.9416666666666667, 0.9447916666666667, 0.9479166666666666, 0.940625, 0.9427083333333334, 0.9427083333333334, 0.9572916666666667, 0.9458333333333333, 0.9447916666666667, 0.9583333333333334, 0.953125, 0.9468253968253968, 0.9541666666666667, 0.9457837301587302, 0.9520833333333333, 0.9583333333333334, 0.959375, 0.9614583333333333]}