{"train_loss": [0.6947656769018907, 0.6564863947721628, 0.6109024396309486, 0.5617015407635615, 0.49737653090403633, 0.4364217845293192, 0.3737671476144057, 0.32918049486783835, 0.28437598599837377, 0.25548039307961096, 0.2175263482790727, 0.19152680520827953, 0.1670819813815447, 0.1427496339266117, 0.12036511777685238, 0.1118357977614953, 0.09424333589581343, 0.079902640157021, 0.0689283052029518, 0.05965515537044177, 0.05340759814358675, 0.04706757753514326, 0.04168897167994426, 0.035510131945976846, 0.039429252551725275, 0.02977532297372818, 0.03129802237336452, 0.023892940444728502, 0.021124013155125656, 0.02114296705247118, 0.017503224922200807, 0.019773323314550978, 0.016852751614239353, 0.01472669353422064, 0.014761312660546257, 0.013148925671927058, 0.010809644032269717, 0.011870553251355886, 0.011554997174355847, 0.012930530248782955, 0.010909011179151443, 0.012637890398932192, 0.00811077574841105, 0.006811881364466479, 0.009303289608886609, 0.00682265495057576, 0.006085589916731876, 0.006930001248390629, 0.008480695210612165, 0.006232329991717751], "val_acc": [0.6351207386363636, 0.6736505681818181, 0.7221235795454546, 0.7549715909090909, 0.7920809659090909, 0.84375, 0.8272372159090909, 0.8444602272727273, 0.8483664772727273, 0.873046875, 0.8581321022727273, 0.8581321022727273, 0.8577769886363636, 0.8655894886363636, 0.87890625, 0.87890625, 0.8600852272727273, 0.873046875, 0.89453125, 0.8828125, 0.8639914772727273, 0.890625, 0.8737571022727273, 0.890625, 0.8792613636363636, 0.8604403409090909, 0.8678977272727273, 0.89453125, 0.8584872159090909, 0.8773082386363636, 0.8643465909090909, 0.8416193181818181, 0.8792613636363636, 0.8490767045454546, 0.8870738636363636, 0.8773082386363636, 0.8773082386363636, 0.8773082386363636, 0.8870738636363636, 0.8831676136363636, 0.8757102272727273, 0.8831676136363636, 0.8698508522727273, 0.890625, 0.8718039772727273, 0.8796164772727273, 0.8698508522727273, 0.8584872159090909, 0.8600852272727273, 0.880859375]}