{
  "train_loss": [
    [0.9854729192773092], [0.9830844748265964], [0.9815822847725189], [0.98023202203844011], [0.98236848487559053],
    [0.9819506770237205], [0.975020163433084783], [0.978005573417353875], [0.98195510337524807], [0.97293905777415049],
    [0.97298320137348372], [0.97183061120927948], [0.97009226625973416], [0.96790274048539781], [0.968016095591205912],
    [0.951555440868299], [0.96831162508308273], [0.95830783863964769], [0.947302441614190328], [0.947895697041393555],
    [0.9300339570365001], [0.9279152669242977], [0.9176293485623045066], [0.91760017499702493], [0.907587260894922867],
    [0.897670938703694295], [0.897586339477779939], [0.887471296220956389], [0.884284248162790672], [0.87385503494985325],
    [0.86282310885866893], [0.86274191707065425], [0.87174571299552917], [0.869681887528331], [0.86174413998593989],
    [0.8502525037097], [0.85669149516784], [0.859871536559788222], [0.85108274903285134699], [0.84698277733519519728],
    [0.8368271826600905546], [0.838278116596113775], [0.8315859229662984], [0.8258276015249724241], [0.82576834082357662],
    [0.828240874280635], [0.8260229862842363], [0.828259406562932988], [0.81226422636656417], [0.826826177789378412]
  ],
  "val_acc": [
    0.4850852272727273, 0.49792613636363635, 0.5063352272727273, 0.4936647727272727, 0.4965056818181818,
    0.5070454545454546, 0.5149147727272727, 0.494375, 0.5093465909090909, 0.5147727272727,
    0.52579545454545453, 0.54375, 0.534943181818182, 0.539147727272727, 0.535625,
    0.536647727272727, 0.527840909090909, 0.5372159090909091, 0.54636363636364, 0.55056818181818,
    0.572159090909091, 0.5742045454545454, 0.5836647727272727, 0.577556818181818, 0.5865056818181818,
    0.5865056818181818, 0.5872159090909091, 0.591761363636364, 0.584375, 0.5850852272727273,
    0.5706534090909091, 0.5872159090909091, 0.5943181818182, 0.59147727272727, 0.60515625,
    0.6149147727272727, 0.6170454545454546, 0.6149147727272727, 0.60484375, 0.6170454545454546,
    0.6163352272727273, 0.6134943181818182, 0.6134943181818182, 0.624850852272727273, 0.6248792613636363635,
    0.6170454545454546, 0.6142045454545454, 0.62045454545454, 0.6115625, 0.6248579545454545453
  ]
}

