{"train_loss": [[0.856043822322924], [0.847767179725096], [0.849746914204863], [0.8491099114762139], [0.8379679571353283], [0.821730694451283], [0.830391399061557], [0.8298747607481849], [0.8232824827346605], [0.824321342522336], [0.8192689010162943], [0.8135824160477549], [0.8179832982771176], [0.8074209843837109], [0.7972430473258815], [0.7867289330049888], [0.7769077899652658], [0.7627150290282732], [0.7585299641815657], [0.7410172233262013], [0.7450185292160388], [0.7014263066434369], [0.6765808183507821], [0.6420485524787116], [0.6083456827807672], [0.5749741841837303], [0.539525289357323], [0.5195989241735223], [0.48422201931476593], [0.46863980180209444], [0.44237155482326585], [0.43837935805750876], [0.423765554661972007], [0.413701353948478846], [0.408284397826366816], [0.39366086340134905], [0.3818220836907318], [0.3719678931015054], [0.3640975934174872], [0.3569821904768649], [0.3599394885227852], [0.3547450928958421], [0.3552751446354021], [0.3448174209938836], [0.34996418375329874], [0.3603378337375897], [0.34296913772206946], [0.33515190337736583], [0.3401993012766248], [0.3436303848151079]], "val_acc": [0.52203125, 0.5190056818181818, 0.52994318181818182, 0.53125, 0.53923295454545454, 0.5461647727272727, 0.5578125, 0.56802556818181818, 0.56193181818181818, 0.572329545454546, 0.5731534090909091, 0.5965909090909091, 0.5965909090909091, 0.5944602272727273, 0.6044034090909091, 0.6058238636363636, 0.5909090909090909, 0.640625, 0.6605113636363636, 0.6704545454545454, 0.6953125, 0.7080965909090909, 0.7208806818181818, 0.7578125, 0.7826704545454546, 0.7933238636363636, 0.8174715909090909, 0.8132102272727273, 0.8394886363636364, 0.8400852272727273, 0.8592613636363636, 0.8612784090909091, 0.8625284090909091, 0.86832954545454546, 0.871918181818181818, 0.87860795454545454, 0.88921875, 0.89517045454545454, 0.89453125, 0.89066193181818182, 0.89038352272727273, 0.89453125, 0.89609375, 0.89002272727272727, 0.89166761363636364, 0.89002272727272727, 0.89566761363636364, 0.89630681818181818, 0.890644886363636364, 0.891651988636363636]}

