{
  "train_loss": [
    0.8910, 0.8730, 0.8820, 0.8761, 0.8740, 0.8627, 0.8686, 0.8651, 0.873, 0.86441,
    0.85373, 0.8407, 0.8419, 0.83224, 0.8221, 0.817995, 0.807995, 0.807852, 0.790733, 0.797629,
    0.78674, 0.77402, 0.77161, 0.76895, 0.76512, 0.74282, 0.71972, 0.6848, 0.65431, 0.62289,
    0.6054, 0.576033, 0.55912, 0.52817, 0.514829, 0.494627, 0.4774, 0.4605, 0.4520, 0.4472,
    0.4548, 0.4519, 0.4573, 0.4461, 0.4591, 0.4783, 0.4529, 0.4442, 0.4577, 0.4436
  ],
  "val_acc": [
    0.5015, 0.4921, 0.4965, 0.5042, 0.4952, 0.5004, 0.5091, 0.5100, 0.5003, 0.5145,
    0.5202, 0.5386, 0.5301, 0.5497, 0.5516, 0.5618, 0.5768, 0.5862, 0.6039, 0.6224,
    0.6198, 0.62633, 0.64721, 0.657123, 0.67354, 0.69450, 0.7092, 0.7389, 0.7501, 0.7800,
    0.79045, 0.8079, 0.8101, 0.8224, 0.8212, 0.8353, 0.8324, 0.8461, 0.8390, 0.8342,
    0.8269, 0.8410, 0.8271, 0.8216, 0.8192, 0.8324, 0.8290, 0.8148, 0.8123, 0.8099
  ]
}
