{"train_loss": [[0.8167997405086596], [0.820120986282211], [0.8135160800722456], [0.819002121379695], [0.8155922567107013], [0.8084319175518665], [0.8055956852190274], [0.788302751853294], [0.7752113311561113], [0.760684584833912], [0.7403508375600442], [0.7230610285223145], [0.689126634413434], [0.7037133092118293], [0.6620367267697128], [0.6403354828812412], [0.6079853195505044], [0.5701147476115178], [0.5355927835112995], [0.5076365633723662], [0.486051622586152], [0.4539192478681348], [0.4417950289765584], [0.41822284521515835], [0.40625029172479493], [0.3821559746548073], [0.3636561227367096], [0.3503801206645277], [0.3325446021464682], [0.325014908866784], [0.31313225288981017], [0.30899977023454056], [0.3050244352252213], [0.28837666783443433], [0.2843567636824146], [0.2668053636845854], [0.27248814863335225], [0.2583680722824077], [0.2597537995460107], [0.2543906678551251], [0.25897748004683514], [0.2471792031962847], [0.24063361820179163], [0.2393375039100647], [0.25305671736444396], [0.2541997563285926], [0.2362431048117962], [0.2340813607899184], [0.2343338555128304], [0.24278309710861481]], "val_acc": [0.5667613636363636, 0.5681818181818182, 0.5617897727272727, 0.5738636363636364, 0.5703125, 0.5866477272727273, 0.6136363636363636, 0.6200284090909091, 0.6477272727272727, 0.6732954545454546, 0.7038352272727273, 0.7059659090909091, 0.7386363636363636, 0.7123579545454546, 0.7509375, 0.7982954545454546, 0.8046875, 0.8231534090909091, 0.8451704545454546, 0.8231534090909091, 0.8785511363636364, 0.8863636363636364, 0.8821022727272727, 0.8870738636363636, 0.9012784090909091, 0.9183238636363636, 0.9140625, 0.9232954545454546, 0.9592329545454546, 0.9417613636363636, 0.9495738636363636, 0.9495738636363636, 0.9538352272727273, 0.9225852272727273, 0.9559659090909091, 0.9616477272727273, 0.96875, 0.9659090909090909, 0.9545454545454546, 0.9375, 0.9623579545454546, 0.9559659090909091, 0.9730113636363636, 0.9715909090909091, 0.9659090909090909, 0.9758522727272727, 0.9715909090909091, 0.9765625, 0.9694602272727273, 0.9744318181818182]}